CPAsep-Jalapeno;15kg CP Aseptic Jalapeno Pure
CPAsep-Nectarine200;200kg CP Aseptic Nectarine Pur
CPAsep-Peach200;200kg CP Aseptic Peach Puree
CPAsep-Plum200;200kg CP Aseptic Plum Puree
CPFBF-Raspberry200g;Box 12 x 200g Fresh Berry Farm
CPFBF-SummerBerries200g;Box 12 x 200g Fresh Berry Farm
CPLPG-BNutConv;Crate 14kg C&Wrap Butternut
CPLPG-BNutCrescent;Crate 6 x 500g Butternut Cresc
CPLPG-KentConv;Crate 14kg C&W Kent
CPLPG-KentCrescent;Crate 6 x 500g Kent Crescent
CPLPG-Rework;Rework of LPG stock ...
CPLPG-WarragoldConv;Crate 14kg C&Wrap Warragold
Ezy001;Raw Butternut Pumpkin
Ezy0011;Box 12x1kg Pumpkin  Puree Froz
Ezy001-Butternut (CP);Butternut Pumpkin LARGE for CP
Ezy001-Kent (CP);Kent Pumpkin LARGE for CP
Ezy001-Warragold (CP);Warragold Pumpkin LARGE for CP
Ezy0021-3;PFG Lidding Film (NTL6P) 3wide
Ezy0021-cut&wrap;LPG Cut & Wrap Film
Ezy0022-BagC&WKent;CP LPG Vacuum Bag - Kent C&W
Ezy0022-Large;PFG Pumpkin Trays 700gm Large
Ezy0022-Small;PFG Pumpkin Trays 700gm Small
Ezy0024;PFG - Coles C Crates
Ezy0024A;LPG - Coles A Crates
Ezy0032-Tub;560gm Round Tub
Ezy0045-2;Bag 2kg Chilled Frozen
Ezy0067;CP Label PFG Kent Pump Pieces
Ezy0067S;CP Label LPG Kent Skin
Ezy0068-BNutC&W;CP Label Butternut C&W
Ezy0068-KentC&W;CP Label Kent C&W
EZY0068S;CP Label LPG BNut Skin
Ezy0068-WarragoldC&W;CP Label Warragold C&W
Ezy022;Box 6x2kg Pumpkin Puree Frozen
Ezy031-ORG;Box 15kg Organic Pumpkin Puree
Ezy035-15.75kg BACO;Box15.75kg CherryPuree Fr BACO
Ezy035-ORG;Box 15kg Organic Cherry Puree
Ezy039-ORG;Box 15kg Organic Sultana Puree
Ezy041;Box 6x2kg Potato Mash Frozen
Ezy041C-LS;Box 2x6kg Low Sodium Potato Ma
Ezy041C-S1;Box 6x2kg Potato Mash with Cre
Ezy041C-S2;Box 6x2kg Potato Mash Sea Froz
Ezy041C-S4;Box 6x2kg Pumpkin & Potato Mas
Ezy041S-500;Box 12 x 500gm Potato Mash wit
Ezy041S-500 X 9;Box 9 x 500gm Potato Mash wit
Ezy042C-S1;Box 2x6kg Potato Mash & Cream
Ezy042C-SEA;6kg Potato Blend Chris' Foods
Ezy043;Box 15kg Sweet Potato PureeFro
Ezy043-ORG;Box 15kg Organic Sweet Potato
Ezy044;Box 6x2kg Sweet Potato Frozen
Ezy046;Whole Peeled Chat Potatoes
Ezy051;Box 6x2kg Broccoli Mash Frozen
Ezy051-15kg;Box 15kg Broccoli Mash Frozen
Ezy053;Box 6x2kg Onion Puree Frozen
Ezy056-15kg;Box 15kg 100% Green Pea Mash
Ezy057;Box 6x2kg Celery Puree
Ezy061;Box 6x2kg Carrot Puree Frozen
Ezy063;Box 15kg Carrot Puree Frozen
Ezy063-ORG;Box 15kg Organic Carrot Puree
Ezy064;Box 6x2kg Cauliflower Puree
Ezy064-15;Box 15kg Cauliflower Puree Fro
Ezy064-Chunky;Box 2x6kg Cauliflower Chunky F
Ezy064-ORGChunky;Box 15kg Organic Cauliflower C
Ezy065-2x6kg;Box 2x6kg Red Capsicum Puree
Ezy069;Box 6x2kg Beetroot Puree Froze
Ezy069-ChunkyA;Box 2 x 6kg Beetroot Chunky A
Ezy070;Raw Whole Peeled Onions
Ezy077;Box 15kg Spinach Puree Frozen
Ezy077-ORG2;Box 15kg CP Organic Spinach Pu
Ezy078;Box 15kg Sweet Corn Puree Froz
Ezy078-ORG;Box 15kg Organic Corn Puree Fr
Ezy083;Box 15kg Kale Puree Frozen
Ezy083-ORG2;Box 15kg CP Organic Kale Puree
Ezy083-ORGJuice15;15kg ORGANIC Juice Kale F
Ezy084;Box 15kg Silverbeet Puree Froz
Ezy092;20kg Mango Puree Aseptic
Ezy0932;Passionfruit Pulp Seedless
Ezy094-15kg;Box 15kg Strawberry Puree
Ezy094-ORG15;Box 15kg Organic Strawberry P
Ezy100;Raw Pumpkin Peeled Pieces
Ezy100-Base;Raw Pumpkin Peeled Base
Ezy100B-Diced20;Raw Butternut Pumpkin Diced (2
Ezy100-small;Raw Pumpkin Peeled Pieces smal
Ezy150;Chopped Parsley Frozen
Ezy150-ORG;Box 12 x 1kg CP ORG Parsley Pu
Ezy2001;Box 6 x 480g Pumpkin Soup
Ezy2002;Box 6 x 480g Bean Soup
Ezy2003;Box 6 x 480g Mix Veg Dahl Soup
Ezy2004;Box 6 x 480g Asian Carrot Soup
Ezy2005;Box 6 x 480g Cream of Brocc So
Ezy2020;Box 6 x 500g Seasoned Potato
Ezy2021;Box 6 x 500g Seasoned Pumpkin
Ezy2030;Box 6 x 480g Scordalia
Ezy2035;Box 6 x 560g Sliced Beetroot
Ezy2040;Box 6 x 480g Mango Fruit Prep
Ezy2041;Box 6 x 480g Raspberry Fruit
Ezy2042;Box 6 x 520g Passionfruit Seed
Ezy300-2x6kg;Box 2x6kg Strawberry Topping
Ezy300-Chunky LB;Box 6x2kg Chunky Strawberry LB
Ezy301-Chunky LB;Box 6x2kg Passionfruit LB
Ezy302-2x6kg;Box 2x6kg Mixed Berry Topping
Ezy302-Chunky LB;Box 6x2kg Chunky Mixed Berry L
Ezy303-2x6kg;Box 2x6kg Mango Topping
Ezy303-LB;Box 6x2kg Mango Topping Low Br
Ezy305-2x6kg;Box 2x6kg Seedless Passionfrui
Ezy307-2x6kg;Box 2x6kg Raspberry Topping Ch
Ezy308-2x6kg;Box 2x6kg Cranberry Topping Ch
Ezy309-2x6kg;Box 2x6kg Green Tea Topping Ch
Ezy351;Box 6x1.25kg Passionfruit Coul
Ezy352;Box 6x1.25kg Raspberry Coulis
Ezy353;Box 6x1.25kg Blackberry Coulis
Ezy354;Box 6x1.25kg Mango Coulis
Ezy400-560g;Box 11 x 560g Tub Napoletana
Ezy400-560gx9;Box 9 x 560g Tub Napoletana
Ezy400-6kg;Box 2 x 6kg Napoletana Sauce C
Ezy451-ORG;Box 12 x 1kg CP ORG Basil Pur
Ezy452-ORG;Box 12 x 1kg CP ORG Sage Puree
Ezy453-ORG;Box 12 x 1kg CP ORG Chilli Pur
Ezy454-ORG;Box 12x1kg CP ORG Turmeric Pu
Ezy455-ORG;Box 12 x 1kg CP ORG Ginger Pu
Ezy456-ORG;Box 12 x 1kg CP ORG Garlic Pur
Ezy503;Stock Powder Chicken Massel
Ezy505;Pepper White
Ezy518;White Bean Australian (LARGE)
Ezy527;Tomato Paste
Ezy534-Garlic;Garlic Crushed
Ezy534-Ginger;Ginger Crushed
Ezy545;Box Soup Potato & Leek Frozen
Ezy550;Box Soup Vegetable Frozen
Ezy555;Box Soup Tomato & Basil Frozen
Ezy560;Box Soup Lentil & Veg Frozen
Ezy575;Box Soup Mushroom Frozen
Ezy602C;Sugar White 25kg Bag
Ezy609;Sweet Corn Kernels Frozen
Ezy616;Citric Acid Monohydrate
Ezy619;Olive Oil
Ezy700;Box 6x2kg EC Pumpkin Soup (FR)
Ezy701;Box 6x2kg EC Sp Vegetable Soup
Ezy702;Box 6x2kg EC Chic & Veg Soup
Ezy703;Box 6x2kg EC Scotch Broth Soup
Ezy704;Box 6x2kg EC Minestrone Soup
Ezy705;Box 6x2kg EC Broccoli Soup(FR)
Ezy710;Box 6x2kg EC Sweet Potato Soup
Ezy711;Box 6x2kg EC Mix Veg Soup (FR)
Ezy751;Box 6 x 2kg Nouris Soup - Pump
Ezy752;Box 6 x 2kg NourishSoup - Bean
Ezy753;Box 6x2kg NourSoup - Veg Dahl
EzyAsep-Apple15;15kg Aseptic Apple Puree R
EzyAsep-Apple200;200kg Aseptic Apple Puree
EzyAsep-BeetrootChunky12;Box 12kg Aseptic Beetroot Chun
EzyAsep-Carrot15;15kg Aseptic Carrot Puree
EzyAsep-Carrot200;200kg Aseptic Carrot Puree
EzyAsep-Celery200;200kg Aseptic Celery Puree
EzyAsep-Cucumber15A;15kg Aseptic Cucumber Aci
EzyAsep-Cucumber200A;200kg Aseptic Cucumber Pur
EzyAsep-JuiceCarrot200;200kg Aseptic Juice Carrot
EzyAsep-KaleA200;200kg Aseptic Kale A 1.6mmPure
EzyAsep-ORGCherry200;200kg Aseptic ORGANIC Cherry P
EzyAsep-ORGJuicePear200;200kg Drum ORGANIC Juice Pear
EzyAsep-ORGPeach200;200kg Aseptic ORGANIC Peach Pu
EzyAsep-ORGPumpkin15;15kg Aseptic ORGANI B Pumpkin
EzyAsep-ORGPumpkin200;200kg Aseptic ORGANIC Pumpkin
EzyAsep-ORGStrawberry200;200kg Aseptic ORGANIC Strawber
EzyAsep-Parsnip200;200kg Aseptic Parsnip Puree
EzyAsep-Pear15;15kg Aseptic Pear Puree
EzyAsep-Plum200;200kg Aseptic Plum Puree
EzyAsep-Pumpkin15;15kg Aseptic B Pumpkin Puree
EzyAsep-Pumpkin2;Box 6x2kg Aseptic B Pumpkin Pu
EzyAsep-Pumpkin200;200kg Aseptic B Pumpkin Puree
EzyAsep-Red Capsicum Puree;200kg Aseptic Red Capsicum Pur
EzyAsep-SpinachA200;200kg Aseptic Spinach A Puree
EzyAsep-Strawberry200;200kg Aseptic Strawberry Puree
EzyAsep-SweetPotato15;15kg Aseptic Sweet Potato Pure
EzyAsep-SweetPotato200;200kg Aseptic Sweet Potato Mas
EzyAsep-ZucchiniPulp200;200kg Aseptic Zucchini Pulp1.6
Ezy-BB-ORG Chicken Stew;BB 12 x 180g ORG Chicken Stew
Ezy-BB-ORGApple+Pear;BB 6x(2x160g) ORG Apple+ Pear
Ezy-BB-ORGbolognese+penne;BB 12 x 180g ORGBolognese Penn
Ezy-BB-ORGCaul + Beet;BB 6x(2x160g) ORG Caul + Beet
Ezy-BB-ORGchic+Pumpkin Risotto;BB 12 x 180g ORG Chicken+pumpk
Ezy-BB-ORGchic+zucc+ pea Riso;BB 12 x 180g ORG Chicken+zuchi
Ezy-BB-ORGOsso Bucco;BB 12 x 180g ORGOsso Bucco+swt
Ezy-BB-ORGPump+Brocc;BB 6x(2x160g) ORG Pump + Brocc
Ezy-BB-ORGSwtP + Carr;BB 6x(2x160g ORG SwtPot + Carr
Ezy-BB-ORGwinter lamb stew;BB 12 x 180g ORG Winter Lambst
Ezy-Freight;Freight charge if Inv < $300
Ezy-NBAppleMango;Box 6 x 300g Apple Mango Froze
Ezy-NBBeetroot;Box 6x300g NB Beetroot Frozen
Ezy-NBBroccoli;Box 6x300g NB Broccoli Frozen
Ezy-NBCarrot;Box 6x300g NB Carrot Frozen
Ezy-NBCauliflower;Box 6x300g NB Cauliflower Froz
Ezy-NBPearPlum;Box 6 x 300g Pear Plum Frozen
Ezy-NBPumpkin;Box 6x300g NB Pumpkin Frozen
Ezy-NBStarter;Box 8x600g NB Starter Pack Fro
Ezy-NBSweetPotato;Box 6x300g NB Sweet Potato Fro
EzyProcessing;Processing Cost
EzySAMPLE-Exp;Export
EzySamples;Samples
Ezy-TNCFruit;Box 6 x 400g Inners Pear, Plum
Ezy-TNCVeg1;Box 6 x 400g Inners Beet, Zucc
